日期,开盘,最高,最低,收盘,成交量,成交额,outstanding_share,turnover,code
2023-12-27,36.0,39.68,30.0,30.08,41605057.0,1435732061.0,57699607.0,0.7210630914695831,603004
2023-12-28,29.0,32.18,27.55,30.9,34571735.0,1015781814.0,57699607.0,0.5991675991831279,603004
2023-12-29,30.37,42.9,30.3,36.0,38019089.0,1295938390.0,57699607.0,0.6589141759665711,603004
2024-01-02,36.67,38.78,35.8,37.07,27963066.0,1042408269.0,57699607.0,0.4846318277349792,603004
2024-01-03,36.28,38.85,35.01,38.29,22799881.0,851679441.0,57699607.0,0.3951479426887604,603004
2024-01-04,38.7,42.12,38.7,42.12,13239161.0,550958509.0,57699607.0,0.22944976037705075,603004
2024-01-05,44.72,45.6,37.91,37.91,33813826.0,1352484482.0,57699607.0,0.5860321717615858,603004
2024-01-08,36.6,36.62,34.12,34.12,16272212.0,561980168.0,57699607.0,0.28201599362713164,603004
2024-01-09,31.77,32.87,30.71,30.91,28533529.0,891993387.0,57699607.0,0.4945186021804273,603004
2024-01-10,30.21,32.5,29.18,31.0,24949141.0,773771450.0,57699607.0,0.43239706987952276,603004
2024-01-11,30.14,31.75,30.11,31.05,19850084.0,615008331.0,57699607.0,0.34402459621605397,603004
2024-01-12,30.45,32.23,30.15,30.35,21665002.0,671577197.0,57699607.0,0.37547919520491707,603004
2024-01-15,30.01,30.07,28.27,28.29,18502874.0,535253545.0,57699607.0,0.32067591032292475,603004
2024-01-16,28.55,29.25,28.27,28.59,14130258.0,406103476.0,57699607.0,0.2448934877494053,603004
2024-01-17,28.04,28.9,27.17,27.38,15495431.0,431706571.0,57699607.0,0.26855349292067104,603004
2024-01-18,26.9,27.6,26.21,27.09,14212393.0,382558541.0,57699607.0,0.24631698098047705,603004
2024-01-19,27.12,27.13,25.52,25.66,14296211.0,374951433.0,57699607.0,0.24776964252113537,603004
2024-01-22,25.4,26.64,24.5,24.63,12644620.0,325928910.0,57699607.0,0.21914568672885415,603004
2024-01-23,24.59,25.25,24.15,24.82,8531787.0,211870802.0,57699607.0,0.1478655998471532,603004
2024-01-24,24.66,25.51,24.04,25.0,10463166.0,259042369.0,57699607.0,0.1813386007984422,603004
2024-01-25,24.79,25.63,24.6,25.45,10941184.0,275774917.0,57699607.0,0.18962319795349733,603004
2024-01-26,25.55,25.89,24.67,24.68,10041966.0,253197848.0,57699607.0,0.17403872438853873,603004
2024-01-29,25.84,27.07,25.11,25.25,13836760.0,358045310.0,57699607.0,0.2398068326531236,603004
2024-01-30,24.18,24.3,22.73,22.73,11191622.0,259678853.0,57699607.0,0.1939635741366488,603004
2024-01-31,22.01,22.48,20.86,20.86,9940987.0,214945172.0,57699607.0,0.1722886431444845,603004
2024-02-01,21.0,21.37,20.76,20.95,6664302.0,140023436.0,57699607.0,0.11549995479171982,603004
2024-02-02,21.0,21.18,19.01,19.73,9334666.0,187886039.0,57699607.0,0.16178040866032242,603004
2024-02-05,19.41,19.63,17.76,17.76,9217024.0,170288008.0,57699607.0,0.1597415386208783,603004
2024-02-06,18.0,19.54,18.0,19.54,5213123.0,99749423.0,57699607.0,0.09034936754421914,603004
2024-02-07,21.49,21.49,17.97,18.13,15446438.0,304688814.0,57699607.0,0.26770438835051336,603004
2024-02-08,17.99,19.76,17.05,19.46,15754065.0,289000441.0,57699607.0,0.2730359151319696,603004
2024-02-19,19.3,20.46,19.23,20.27,12016912.0,240478203.0,57699607.0,0.2082667911412291,603004
2024-02-20,20.29,21.27,19.81,20.93,9917492.0,205767426.0,57699607.0,0.17188144799669086,603004
2024-02-21,20.59,21.66,20.27,20.97,12225713.0,258240963.0,57699607.0,0.21188555062428763,603004
2024-02-22,20.72,21.41,20.62,21.29,7867862.0,166051396.0,57699607.0,0.136359022341348,603004
2024-02-23,21.36,21.9,21.05,21.82,8471485.0,182497995.0,57699607.0,0.14682049740824057,603004
2024-02-26,21.83,22.73,21.5,22.41,9987742.0,221908335.0,57699607.0,0.1730989606220368,603004
2024-02-27,22.32,23.0,22.08,22.83,7778293.0,175921157.0,57699607.0,0.13480668941124677,603004
2024-02-28,22.76,23.36,20.88,20.99,11085349.0,246777818.0,57699607.0,0.19212174183439412,603004
2024-02-29,20.77,22.16,20.55,22.1,7551058.0,163169023.0,57699607.0,0.13086844768284123,603004
2024-03-01,22.09,22.27,21.75,21.95,4380399.0,96367175.0,57699607.0,0.07591731084060936,603004
2024-03-04,21.94,22.57,21.0,22.33,9683470.0,211050069.0,57699607.0,0.16782557981720742,603004
2024-03-05,22.2,22.25,21.45,21.55,6031685.0,130859069.0,57699607.0,0.10453598063501542,603004
2024-03-06,21.32,22.15,21.24,21.56,7381042.0,160069942.0,57699607.0,0.12792187648695771,603004
2024-03-07,21.83,22.11,21.19,21.58,7479428.0,162815553.0,57699607.0,0.12962701808350272,603004
2024-03-08,21.71,21.89,21.2,21.48,4355397.0,93585162.0,57699607.0,0.07548399766397022,603004
2024-03-11,21.4,21.8,21.21,21.65,4335359.0,93344390.0,57699607.0,0.075136716269142,603004
2024-03-12,21.8,22.65,21.8,22.55,10292593.0,229497768.0,57699607.0,0.17838237615725874,603004
2024-03-13,22.51,22.52,21.87,22.0,8252068.0,182513261.0,57699607.0,0.14301775053684507,603004
2024-03-14,22.0,22.31,21.5,21.74,5399797.0,117934596.0,57699607.0,0.0935846408797897,603004
2024-03-15,21.6,21.8,21.47,21.78,3763068.0,81418283.0,57699607.0,0.06521826049872402,603004
2024-03-18,21.8,22.1,21.75,22.09,5057581.0,110963276.0,57699607.0,0.08765364727700832,603004
2024-03-19,22.0,22.31,21.88,22.15,5536447.0,122693101.0,57699607.0,0.09595294123927049,603004
2024-03-20,22.16,23.03,22.03,22.88,10903268.0,247392041.0,57699607.0,0.18896607042748143,603004
2024-03-21,23.15,23.2,21.86,22.31,10544516.0,236002087.0,57699607.0,0.18274848908416308,603004
2024-03-22,22.29,24.54,22.21,24.54,19212054.0,457923853.0,57699607.0,0.33296680859542077,603004
2024-03-25,24.44,26.18,24.02,25.11,28454545.0,710449651.0,57699607.0,0.49314971937330526,603004
2024-03-26,24.19,24.4,23.2,23.9,14997110.0,358276890.0,57699607.0,0.25991702161853547,603004
2024-03-27,23.61,23.88,21.91,22.25,11425332.0,261654553.0,57699607.0,0.19801403500027306,603004
2024-03-28,22.65,23.36,22.16,22.92,10462858.0,238004808.0,57699607.0,0.1813332628071453,603004
2024-03-29,22.7,23.2,22.2,22.59,8627489.0,195290961.0,57699607.0,0.14952422466239676,603004
2024-04-01,22.63,23.85,22.5,23.65,11087262.0,257738578.0,57699607.0,0.1921548963063128,603004
2024-04-02,23.6,24.52,23.36,23.89,13055553.0,313375435.0,57699607.0,0.22626762431848105,603004
2024-04-03,23.89,24.62,23.19,23.22,12239872.0,293072295.0,57699607.0,0.2121309422436794,603004
2024-04-08,23.22,23.22,21.32,21.63,11282025.0,250886831.0,57699607.0,0.19553036123798903,603004
2024-04-09,21.45,21.84,20.61,21.8,7410087.0,157965834.0,57699607.0,0.12842525946493882,603004
2024-04-10,21.57,21.6,20.43,20.69,7366514.0,154213762.0,57699607.0,0.127670089676694,603004
2024-04-11,20.4,20.96,20.4,20.69,5035942.0,104273372.0,57699607.0,0.08727861872612061,603004
2024-04-12,20.51,21.73,20.5,21.38,8198800.0,173957239.0,57699607.0,0.1420945553407322,603004
2024-04-15,21.28,22.25,19.55,20.34,9068843.0,189656217.0,57699607.0,0.15717339287943505,603004
2024-04-16,20.0,20.03,18.31,18.31,7657125.0,143155822.0,57699607.0,0.1327067097701376,603004
2024-04-17,18.32,19.42,18.32,19.34,6711002.0,128243898.0,57699607.0,0.11630931905654054,603004
2024-04-18,19.39,20.5,19.11,19.77,7203989.0,142326146.0,57699607.0,0.12485334605485268,603004
2024-04-19,19.52,19.7,18.92,19.15,5899920.0,113532664.0,57699607.0,0.10225234289724018,603004
2024-04-22,19.0,19.11,18.56,18.85,3917556.0,73835014.0,57699607.0,0.06789571374376951,603004
2024-04-23,18.96,19.25,18.89,18.98,3361434.0,63937781.0,57699607.0,0.05825748518529771,603004
2024-04-24,18.95,19.52,18.92,19.49,3712769.0,71542587.0,57699607.0,0.06434652145897632,603004
2024-04-25,19.34,19.99,19.29,19.77,4836425.0,95549985.0,57699607.0,0.08382076155215407,603004
2024-04-26,19.46,19.84,19.2,19.6,5367184.0,104973259.0,57699607.0,0.09301942039223941,603004
2024-04-29,19.54,20.26,19.52,20.18,5172805.0,103520172.0,57699607.0,0.08965061061854372,603004
2024-04-30,20.09,20.38,19.66,19.88,4061629.0,80931486.0,57699607.0,0.07039266315973348,603004
2024-05-06,20.23,21.87,20.13,21.87,10028666.0,211664428.0,57699607.0,0.17380822021890027,603004
2024-05-07,22.0,22.85,21.8,22.45,14213239.0,315549433.0,57699607.0,0.24633164312540293,603004
2024-05-08,22.23,22.5,21.61,21.63,8154175.0,178707904.0,57699607.0,0.1413211531926032,603004
2024-05-09,21.8,21.93,21.48,21.6,5626067.0,122003740.0,57699607.0,0.09750615805754101,603004
2024-05-10,21.53,21.69,21.11,21.42,4669706.0,99494245.0,57699607.0,0.08093133112674407,603004
2024-05-13,21.2,21.6,20.7,21.45,5277000.0,111917342.0,57699607.0,0.09145642881068497,603004
2024-05-14,21.72,23.6,21.5,22.66,22199459.0,507915486.0,57699607.0,0.3847419446028463,603004
2024-05-15,22.1,22.37,21.58,21.58,13588373.0,297273294.0,57699607.0,0.23550200263929008,603004
2024-05-16,21.7,21.97,21.12,21.21,7149203.0,153166619.0,57699607.0,0.123903842187348,603004
2024-05-17,21.12,22.48,21.11,22.1,9686529.0,212816466.0,57699607.0,0.16787859577622427,603004
2024-05-20,21.98,22.19,21.72,21.83,6650800.0,146206583.0,57699607.0,0.11526594973168534,603004
2024-05-21,21.76,22.0,21.24,21.4,4997466.0,107645294.0,57699607.0,0.08661178576138309,603004
2024-05-22,21.46,21.82,21.36,21.53,4140715.0,89168943.0,57699607.0,0.07176331374319413,603004
2024-05-23,21.22,21.75,20.76,20.97,5709553.0,120992424.0,57699607.0,0.09895306565952867,603004
2024-05-24,20.97,21.3,20.31,20.32,4746553.0,97580518.0,57699607.0,0.08226317728645881,603004
2024-05-27,20.49,20.52,19.99,20.5,3083348.0,62398662.0,57699607.0,0.05343793762754744,603004
2024-05-28,20.38,20.51,20.06,20.1,2437353.0,49269584.0,57699607.0,0.042242107472239804,603004
2024-05-29,20.16,21.43,20.15,20.7,6074120.0,126252374.0,57699607.0,0.10527142758528667,603004
2024-05-30,20.54,20.6,20.2,20.34,3852453.0,78402738.0,57699607.0,0.06676740449895958,603004
2024-05-31,20.43,20.56,20.27,20.32,2515700.0,51322931.0,57699607.0,0.043599950342816024,603004
2024-06-03,20.2,20.28,19.51,19.71,3885350.0,77056490.0,57699607.0,0.06733754703043299,603004
2024-06-04,19.87,19.91,19.22,19.54,2719806.0,52869410.0,57699607.0,0.04713734012087812,603004
2024-06-05,19.54,19.64,18.9,18.92,2886998.0,55329615.0,57699607.0,0.05003496817577978,603004
2024-06-06,19.12,19.13,17.9,18.0,4718735.0,86793269.0,57699607.0,0.08178105961796239,603004
2024-06-07,18.27,18.51,18.11,18.34,3152100.0,57767018.0,57699607.0,0.05462948820431307,603004
2024-06-11,18.2,18.54,17.97,18.54,2449374.0,44714280.0,57699607.0,0.0424504451130837,603004
2024-06-12,18.41,18.78,18.4,18.74,2547879.0,47614748.0,57699607.0,0.04415764911535706,603004
2024-06-13,18.7,18.89,18.58,18.69,2395025.0,44922196.0,57699607.0,0.04150851495401,603004
2024-06-14,18.67,18.76,18.4,18.58,1836179.0,34034578.0,57699607.0,0.03182307636861374,603004
2024-06-17,18.6,18.63,18.33,18.36,1618053.0,29838210.0,57699607.0,0.028042703999699686,603004
2024-06-18,18.35,18.69,18.23,18.69,2342500.0,43425791.0,57699607.0,0.040598196795343856,603004
2024-06-19,18.61,18.73,18.35,18.44,2058300.0,38079534.0,57699607.0,0.0356726866441222,603004
2024-06-20,18.36,18.5,17.8,17.8,2654300.0,47974843.0,57699607.0,0.04600204642641673,603004
2024-06-21,17.62,17.86,17.4,17.55,1972903.0,34762215.0,57699607.0,0.03419265923249703,603004
2024-06-24,17.52,17.52,16.56,16.65,3091929.0,52251191.0,57699607.0,0.053586656144815684,603004
2024-06-25,16.5,16.96,16.5,16.79,2098021.0,35241763.0,57699607.0,0.03636109687887475,603004
2024-06-26,16.7,17.19,16.61,17.19,2249253.0,38180138.0,57699607.0,0.03898211993021027,603004
2024-06-27,17.05,17.18,16.7,16.7,2394655.0,40572688.0,58880000.0,0.04067009171195652,603004
2024-06-28,16.69,17.26,16.6,16.95,2935748.0,50014543.0,58880000.0,0.04985985054347826,603004
2024-07-01,16.9,17.14,16.71,17.08,2169949.0,36743404.0,58880000.0,0.03685375339673913,603004
2024-07-02,17.0,17.22,16.95,17.06,1703721.0,29129364.0,58880000.0,0.02893547894021739,603004
2024-07-03,17.07,17.14,16.66,16.73,1914141.0,32183303.0,58880000.0,0.03250918817934782,603004
2024-07-04,16.75,16.82,16.2,16.2,2138786.0,35280591.0,58880000.0,0.03632449048913043,603004
2024-07-05,16.2,16.79,15.85,16.66,2430627.0,39905103.0,58880000.0,0.04128102921195652,603004
2024-07-08,16.66,16.66,16.13,16.16,1830497.0,29875789.0,58880000.0,0.031088603940217393,603004
2024-07-09,16.15,16.44,15.86,16.4,1874200.0,30394764.0,58880000.0,0.03183084239130435,603004
2024-07-10,16.38,16.54,16.23,16.33,1580519.0,25956386.0,58880000.0,0.02684305366847826,603004
2024-07-11,16.6,16.94,16.54,16.93,2664807.0,44766266.0,58880000.0,0.04525827105978261,603004
2024-07-12,16.79,16.79,16.46,16.48,1703650.0,28270519.0,58880000.0,0.028934273097826087,603004
2024-07-15,16.52,18.13,16.52,18.13,7761797.0,135994320.0,58880000.0,0.1318239979619565,603004
2024-07-16,18.34,18.4,17.61,17.83,9096769.0,162782921.0,58880000.0,0.15449675611413044,603004
2024-07-17,17.65,18.36,17.54,17.54,6449051.0,115212647.0,58880000.0,0.10952871942934783,603004
2024-07-18,17.15,17.63,17.0,17.6,4153405.0,71956600.0,58880000.0,0.07054016644021739,603004
2024-07-19,17.35,17.9,17.26,17.82,4166583.0,73817525.0,58880000.0,0.07076397758152174,603004
2024-07-22,17.83,18.0,17.65,17.86,3160640.0,56249469.0,58880000.0,0.05367934782608696,603004
2024-07-23,17.86,17.91,17.16,17.21,3123386.0,54756036.0,58880000.0,0.05304663722826087,603004
2024-07-24,17.06,17.49,17.06,17.4,2723158.0,47166767.0,58880000.0,0.046249286684782606,603004
2024-07-25,17.5,17.9,17.2,17.72,4014154.0,70870754.0,58880000.0,0.06817516983695653,603004
2024-07-26,17.52,17.9,17.52,17.7,3486130.0,61734650.0,58880000.0,0.059207370923913046,603004
2024-07-29,17.6,17.95,17.51,17.67,3092711.0,54708007.0,58880000.0,0.052525662364130435,603004
2024-07-30,17.56,17.75,17.36,17.57,2177927.0,38198457.0,58880000.0,0.03698924932065217,603004
2024-07-31,17.59,17.99,17.56,17.97,4380914.0,78182158.0,58880000.0,0.07440411005434783,603004
2024-08-01,17.95,18.22,17.87,18.01,3924475.0,70736931.0,58880000.0,0.06665208899456522,603004
2024-08-02,17.92,19.3,17.83,18.61,9730469.0,181576115.0,58880000.0,0.16525932404891305,603004
2024-08-05,18.66,19.51,18.04,18.59,9350463.0,175829325.0,58880000.0,0.15880541779891305,603004
2024-08-06,18.54,20.45,18.35,19.85,11601222.0,226135935.0,58880000.0,0.19703162364130436,603004
2024-08-07,19.28,19.47,18.67,18.67,8440102.0,159352781.0,58880000.0,0.14334412364130436,603004
2024-08-08,18.35,18.47,17.62,17.69,6014488.0,107641166.0,58880000.0,0.10214823369565218,603004
2024-08-09,17.8,17.94,17.32,17.34,3679976.0,64552517.0,58880000.0,0.06249959239130435,603004
2024-08-12,17.34,17.34,16.88,17.02,2782305.0,47466146.0,58880000.0,0.04725382133152174,603004
2024-08-13,17.03,17.25,16.82,17.21,2816998.0,48101735.0,58880000.0,0.04784303668478261,603004
2024-08-14,17.2,17.24,16.9,16.9,1870606.0,31804013.0,58880000.0,0.03176980298913044,603004
2024-08-15,16.74,17.08,16.74,16.83,2166569.0,36574228.0,58880000.0,0.036796348505434784,603004
2024-08-16,16.78,16.98,16.75,16.81,1802748.0,30364206.0,58880000.0,0.030617323369565217,603004
2024-08-19,16.64,17.0,16.59,16.7,1718460.0,28741923.0,58880000.0,0.02918580163043478,603004
2024-08-20,16.63,16.81,16.14,16.2,2798260.0,45791575.0,58880000.0,0.047524796195652176,603004
2024-08-21,16.15,16.52,16.08,16.19,1842636.0,30004505.0,58880000.0,0.03129476902173913,603004
2024-08-22,16.15,16.28,15.59,15.6,2401631.0,38024735.0,58880000.0,0.04078856997282609,603004
2024-08-23,15.58,15.68,15.22,15.3,1969447.0,30334548.0,58880000.0,0.03344848845108696,603004
2024-08-26,15.22,15.53,15.22,15.43,1290612.0,19887822.0,58880000.0,0.02191936141304348,603004
2024-08-27,15.44,15.44,14.96,15.05,1659955.0,25133035.0,58880000.0,0.02819217051630435,603004
2024-08-28,15.03,15.2,14.89,15.08,1462948.0,22051006.0,58880000.0,0.024846263586956522,603004
2024-08-29,15.06,15.43,14.99,15.4,1598407.0,24441141.0,58880000.0,0.027146858016304346,603004
2024-08-30,15.38,16.94,15.38,16.64,6269565.0,103177830.0,58880000.0,0.10648038383152174,603004
2024-09-02,18.3,18.3,17.52,18.3,19110248.0,346624160.0,58880000.0,0.32456263586956524,603004
2024-09-03,19.0,20.13,19.0,20.13,7092293.0,140242829.0,58880000.0,0.12045334578804348,603004
2024-09-04,22.14,22.14,18.12,18.29,28580229.0,576376195.0,58880000.0,0.4853979110054348,603004
2024-09-05,17.56,18.07,17.04,17.95,16060107.0,282625226.0,58880000.0,0.2727599694293478,603004
2024-09-06,17.75,18.69,16.77,16.88,14164308.0,249984704.0,58880000.0,0.24056229619565217,603004
2024-09-09,17.2,17.39,16.23,16.36,9854298.0,163701151.0,58880000.0,0.16736239809782608,603004
2024-09-10,16.3,16.5,15.9,16.28,6960623.0,112414010.0,58880000.0,0.11821710258152174,603004
2024-09-11,16.12,17.91,16.1,17.91,17973454.0,311752814.0,58880000.0,0.3052556725543478,603004
2024-09-12,17.3,17.64,17.13,17.37,14311158.0,248462647.0,58880000.0,0.24305635190217392,603004
2024-09-13,17.36,17.4,16.39,16.39,9125626.0,152723847.0,58880000.0,0.1549868546195652,603004
2024-09-18,16.5,16.54,15.65,15.89,6656391.0,106463970.0,58880000.0,0.11305011888586956,603004
2024-09-19,15.97,16.3,15.71,16.16,5429913.0,87375146.0,58880000.0,0.0922199898097826,603004
2024-09-20,16.15,16.3,15.95,16.23,5122585.0,82585681.0,58880000.0,0.08700042459239131,603004
2024-09-23,16.2,16.29,16.02,16.15,3255700.0,52568953.0,58880000.0,0.05529381793478261,603004
2024-09-24,16.14,16.66,15.88,16.63,7334722.0,119737157.0,58880000.0,0.12457068614130434,603004
2024-09-25,16.63,17.18,16.63,16.89,8824159.0,149400381.0,58880000.0,0.1498668308423913,603004
2024-09-26,16.8,17.45,16.69,17.44,9299691.0,159863512.0,58880000.0,0.15794312160326088,603004
2024-09-27,17.6,18.32,17.39,18.3,7873943.0,139867120.0,58880000.0,0.13372865149456523,603004
2024-09-30,18.92,19.98,18.41,19.72,16575299.0,318337430.0,58880000.0,0.2815098335597826,603004
2024-10-08,21.68,21.68,19.46,20.76,17138613.0,352140539.0,58880000.0,0.2910769870923913,603004
2024-10-09,20.38,20.41,18.68,18.68,10617699.0,206834476.0,58880000.0,0.1803277683423913,603004
2024-10-10,18.6,19.3,18.41,18.74,6168587.0,116780131.0,58880000.0,0.10476540421195653,603004
2024-10-11,18.54,18.8,17.74,18.08,4732150.0,86456349.0,58880000.0,0.08036939538043478,603004
2024-10-14,18.22,19.89,18.0,19.82,9548788.0,182456953.0,58880000.0,0.16217370923913044,603004
2024-10-15,19.48,19.79,18.82,18.82,10944999.0,211766528.0,58880000.0,0.18588653192934781,603004
2024-10-16,18.52,19.1,18.52,18.62,5495343.0,103369202.0,58880000.0,0.09333123301630435,603004
2024-10-17,18.73,18.95,18.45,18.52,4132625.0,77354981.0,58880000.0,0.07018724524456521,603004
2024-10-18,18.44,19.32,18.36,19.0,6293447.0,118967690.0,58880000.0,0.10688598845108696,603004
2024-10-21,19.19,19.49,19.01,19.24,5856350.0,112767956.0,58880000.0,0.09946246603260869,603004
2024-10-22,19.07,19.42,18.96,19.25,5032991.0,96684317.0,58880000.0,0.08547878736413043,603004
2024-10-23,19.25,19.56,19.1,19.16,5317860.0,102828323.0,58880000.0,0.09031691576086956,603004
2024-10-24,19.2,19.33,18.93,19.12,3239657.0,61948750.0,58880000.0,0.05502134850543478,603004
2024-10-25,19.03,19.46,19.03,19.24,4538071.0,87462590.0,58880000.0,0.07707321671195652,603004
2024-10-28,19.2,19.51,19.05,19.47,4994391.0,96567378.0,58880000.0,0.08482321671195653,603004
2024-10-29,19.45,19.54,18.61,18.63,6522647.0,123922625.0,58880000.0,0.11077865149456521,603004
2024-10-30,18.62,18.72,18.23,18.56,3642109.0,67251665.0,58880000.0,0.06185647078804348,603004
2024-10-31,18.58,18.75,18.42,18.66,3788087.0,70465342.0,58880000.0,0.06433571671195652,603004
2024-11-01,18.54,18.68,17.87,17.97,3943641.0,71629570.0,58880000.0,0.06697759850543478,603004
2024-11-04,17.82,18.58,17.82,18.56,3170762.0,58365748.0,58880000.0,0.05385125679347826,603004
2024-11-05,18.46,19.07,18.44,19.0,4837373.0,91025621.0,58880000.0,0.08215647078804347,603004
2024-11-06,19.18,19.35,18.99,19.09,5807571.0,111393652.0,58880000.0,0.0986340183423913,603004
2024-11-07,19.08,19.37,18.9,19.35,5138587.0,98794494.0,58880000.0,0.08727219769021739,603004
2024-11-08,19.66,19.73,19.21,19.4,5788569.0,112479450.0,58880000.0,0.0983112941576087,603004
2024-11-11,19.33,21.23,19.2,20.39,11779595.0,240786122.0,58880000.0,0.20006105638586957,603004
2024-11-12,20.49,21.0,20.03,20.2,9443588.0,194022583.0,58880000.0,0.16038702445652173,603004
2024-11-13,20.04,20.43,19.68,20.36,5793422.0,116617296.0,58880000.0,0.0983937160326087,603004
2024-11-14,20.37,20.55,19.63,19.72,4596361.0,92100886.0,58880000.0,0.07806319633152174,603004
2024-11-15,19.71,19.9,19.14,19.14,4210607.0,82479348.0,58880000.0,0.07151166779891305,603004
2024-11-18,19.13,21.05,18.55,21.05,14111817.0,287538021.0,58880000.0,0.23967080502717392,603004
2024-11-19,23.16,23.16,23.11,23.16,7487398.0,173407607.0,58880000.0,0.12716368885869564,603004
2024-11-20,25.48,25.48,25.48,25.48,1690051.0,43062499.0,58880000.0,0.028703311820652173,603004
2024-11-21,27.5,28.03,25.95,28.03,38720434.0,1041773093.0,58880000.0,0.657616066576087,603004
2024-11-22,28.03,30.83,28.02,30.4,40172781.0,1212175581.0,58880000.0,0.6822822860054348,603004
2024-11-25,27.36,28.16,27.36,27.36,6744200.0,184686072.0,58880000.0,0.11454144021739131,603004
2024-11-26,24.62,24.62,24.62,24.62,6755200.0,166313024.0,58880000.0,0.11472826086956522,603004
2024-11-27,22.16,23.39,22.16,22.7,32153780.0,727849768.0,58880000.0,0.5460900135869565,603004
2024-11-28,22.2,22.96,22.03,22.5,21888759.0,493252124.0,58880000.0,0.3717520210597826,603004
2024-11-29,22.21,22.67,21.67,22.51,17128489.0,380955387.0,58880000.0,0.2909050441576087,603004
2024-12-02,22.47,23.87,22.33,23.38,18704491.0,432102457.0,58880000.0,0.3176713824728261,603004
2024-12-03,23.45,23.93,23.0,23.57,15587163.0,365182799.0,58880000.0,0.2647276324728261,603004
2024-12-04,23.55,25.59,23.27,24.58,20989233.0,504662246.0,58880000.0,0.35647474524456524,603004
2024-12-05,24.04,24.5,23.77,24.32,13787353.0,332601847.0,58880000.0,0.23416020720108696,603004
2024-12-06,24.09,24.2,23.3,23.66,11267545.0,267045151.0,58880000.0,0.19136455502717392,603004
2024-12-09,23.73,23.75,22.8,23.13,9090841.0,211185866.0,58880000.0,0.15439607676630435,603004
2024-12-10,23.76,23.79,23.01,23.18,9082314.0,212468240.0,58880000.0,0.15425125679347826,603004
2024-12-11,23.02,23.29,22.86,23.13,6225726.0,143577506.0,58880000.0,0.10573583559782608,603004
2024-12-12,23.02,23.45,22.6,23.3,8791410.0,202584876.0,58880000.0,0.14931063179347825,603004
2024-12-13,23.3,24.18,23.1,23.84,15502580.0,368768354.0,58880000.0,0.26329110054347826,603004
2024-12-16,24.0,25.46,23.75,24.46,17948934.0,441446572.0,58880000.0,0.30483923233695653,603004
2024-12-17,24.15,24.2,22.15,22.19,11886852.0,270999058.0,58880000.0,0.20188267663043477,603004
2024-12-18,22.18,22.76,21.75,21.99,5926721.0,132025260.0,58880000.0,0.10065762567934783,603004
2024-12-19,21.61,21.99,21.42,21.82,6358746.0,137983147.0,58880000.0,0.10799500679347826,603004
2024-12-20,21.87,22.56,21.87,22.28,5264042.0,117033632.0,58880000.0,0.08940288722826087,603004
2024-12-23,22.25,22.38,20.85,20.9,6438910.0,138125637.0,58880000.0,0.10935648777173913,603004
2024-12-24,21.12,21.45,20.45,21.4,5311466.0,111249383.0,58880000.0,0.09020832201086956,603004
2024-12-25,21.49,21.49,20.29,20.54,4818741.0,99404535.0,58880000.0,0.08184003057065217,603004
2024-12-26,20.54,21.12,20.54,20.87,3673291.0,76860158.0,58880000.0,0.06238605638586957,603004
2024-12-27,21.01,21.38,20.85,21.01,3315830.0,70196285.0,58880000.0,0.056315047554347825,603004
2024-12-30,20.95,21.15,20.42,20.89,3306305.0,68878849.0,58880000.0,0.056153277853260866,603004
2024-12-31,20.92,21.11,20.41,20.61,3666898.0,76241595.0,58880000.0,0.062277479619565215,603004
2025-01-02,20.48,21.01,19.93,20.18,3692566.0,75532993.0,58880000.0,0.06271341711956521,603004
2025-01-03,20.22,20.4,18.92,18.92,4900822.0,95401328.0,58880000.0,0.08323406929347826,603004
2025-01-06,18.9,19.4,18.37,19.0,3155806.0,59901579.0,58880000.0,0.05359724864130435,603004
2025-01-07,18.95,19.59,18.89,19.59,3189503.0,61484066.0,58880000.0,0.05416954823369565,603004
2025-01-08,19.38,20.14,19.0,19.75,4060902.0,79482371.0,58880000.0,0.06896912364130435,603004
2025-01-09,19.65,20.05,19.53,19.75,2367800.0,47016097.0,58880000.0,0.04021399456521739,603004
2025-01-10,19.81,20.3,19.36,19.45,3849848.0,76391728.0,58880000.0,0.06538464673913043,603004
2025-01-13,19.01,19.58,18.94,19.42,2182800.0,42114518.0,58880000.0,0.037072010869565214,603004
2025-01-14,19.58,20.18,19.4,20.18,4398714.0,87744363.0,58880000.0,0.07470641983695653,603004
2025-01-15,20.18,20.36,19.92,19.96,3053000.0,61363826.0,58880000.0,0.05185122282608696,603004
2025-01-16,20.34,20.42,19.96,20.15,3721166.0,75252862.0,58880000.0,0.06319915081521739,603004
2025-01-17,19.94,20.24,19.85,20.08,2962250.0,59465762.0,58880000.0,0.05030995244565217,603004
2025-01-20,20.28,20.48,20.04,20.16,2838300.0,57340444.0,58880000.0,0.04820482336956522,603004
2025-01-21,20.33,20.35,19.76,20.05,2780800.0,55579854.0,58880000.0,0.04722826086956522,603004
2025-01-22,20.12,21.12,19.81,20.82,8495587.0,174891429.0,58880000.0,0.1442864639945652,603004
2025-01-23,20.95,22.02,20.7,21.39,9258639.0,197605033.0,58880000.0,0.15724590692934784,603004
2025-01-24,21.01,21.24,20.88,21.15,5665630.0,119518044.0,58880000.0,0.09622333559782609,603004
2025-01-27,21.34,21.34,20.44,20.5,3558895.0,73852853.0,58880000.0,0.06044318953804348,603004
2025-02-05,20.6,20.7,20.43,20.66,2694295.0,55415483.0,58880000.0,0.04575908627717391,603004
2025-02-06,20.49,21.08,20.32,21.04,4289419.0,89135034.0,58880000.0,0.07285018682065217,603004
2025-02-07,21.03,21.38,20.81,21.06,5513581.0,116458561.0,58880000.0,0.0936409816576087,603004
2025-02-10,21.02,21.48,20.92,21.48,4729605.0,100548092.0,58880000.0,0.080326171875,603004
2025-02-11,21.5,22.43,21.2,22.33,9678890.0,211768792.0,58880000.0,0.16438332201086955,603004
2025-02-12,22.06,22.96,22.06,22.15,8711401.0,195189800.0,58880000.0,0.14795178328804348,603004
2025-02-13,22.18,22.65,21.8,21.8,7088277.0,157314725.0,58880000.0,0.12038513926630434,603004
2025-02-14,21.77,22.4,21.6,21.83,5426885.0,119581073.0,58880000.0,0.09216856317934782,603004
2025-02-17,21.82,21.99,21.53,21.74,4023900.0,87660597.0,58880000.0,0.06834069293478261,603004
2025-02-18,21.69,21.79,20.9,20.99,4096500.0,87483173.0,58880000.0,0.06957370923913044,603004
2025-02-19,20.99,23.09,20.88,23.09,7648149.0,170454491.0,58880000.0,0.12989383491847825,603004
2025-02-20,23.78,25.25,23.2,24.66,26558857.0,644030695.0,58880000.0,0.4510675441576087,603004
2025-02-21,24.96,26.83,24.37,24.59,27604243.0,704408454.0,58880000.0,0.46882206182065217,603004
2025-02-24,24.59,25.05,23.6,24.0,18960131.0,459496618.0,58880000.0,0.32201309442934783,603004
2025-02-25,24.88,26.26,24.85,25.35,21059726.0,536445850.0,58880000.0,0.3576719769021739,603004
2025-02-26,25.4,25.97,24.95,25.06,14033985.0,356939787.0,58880000.0,0.23834893002717392,603004
2025-02-27,24.9,25.12,23.8,24.39,10767408.0,262515102.0,58880000.0,0.1828703804347826,603004
2025-02-28,24.61,24.75,22.55,22.56,7899696.0,184333392.0,58880000.0,0.13416603260869564,603004
2025-03-03,22.79,23.23,22.72,22.87,5322196.0,122350541.0,58880000.0,0.0903905570652174,603004
2025-03-04,22.79,24.47,22.6,23.66,9715845.0,231081193.0,58880000.0,0.16501095448369565,603004
2025-03-05,23.72,23.96,23.15,23.8,6320100.0,148868521.0,58880000.0,0.10733865489130434,603004
2025-03-06,23.79,24.0,23.6,23.71,5936915.0,141314046.0,58880000.0,0.10083075747282609,603004
2025-03-07,23.72,23.9,23.1,23.27,4787833.0,112252940.0,58880000.0,0.08131509850543478,603004
2025-03-10,23.15,23.39,22.79,23.05,3516748.0,80862078.0,58880000.0,0.059727377717391304,603004
2025-03-11,22.86,23.56,22.7,23.44,5353778.0,123752304.0,58880000.0,0.09092693614130434,603004
2025-03-12,23.48,24.0,23.38,23.51,5834500.0,137834666.0,58880000.0,0.0990913722826087,603004
2025-03-13,23.48,23.75,22.34,22.61,5806900.0,132356404.0,58880000.0,0.0986226222826087,603004
2025-03-14,22.68,22.95,22.31,22.92,3757602.0,85241575.0,58880000.0,0.06381796875,603004
2025-03-17,22.87,23.05,22.75,22.91,2666721.0,61056534.0,58880000.0,0.04529077785326087,603004
2025-03-18,22.91,23.98,22.89,23.83,6961920.0,163534202.0,58880000.0,0.11823913043478261,603004
2025-03-19,23.6,23.81,23.18,23.32,4334417.0,101337038.0,58880000.0,0.07361441915760869,603004
2025-03-20,23.21,23.75,23.09,23.15,3563700.0,83360043.0,58880000.0,0.060524796195652174,603004
2025-03-21,23.09,23.09,22.17,22.46,4435100.0,99894522.0,58880000.0,0.07532438858695652,603004
2025-03-24,22.3,22.47,21.41,21.99,3218219.0,70593739.0,58880000.0,0.05465725203804348,603004
2025-03-25,21.98,22.25,21.71,22.0,2328319.0,51223111.0,58880000.0,0.03954346127717391,603004
2025-03-26,21.99,22.6,21.85,22.27,2199700.0,49175949.0,58880000.0,0.037359035326086955,603004
2025-03-27,22.12,22.84,21.93,22.43,3689300.0,82946681.0,58880000.0,0.06265794836956522,603004
2025-03-28,22.43,22.44,21.57,21.57,3582100.0,78457471.0,58880000.0,0.060837296195652174,603004
2025-03-31,21.54,21.54,20.73,21.09,3708100.0,77874395.0,58880000.0,0.06297724184782609,603004
2025-04-01,21.0,21.38,21.0,21.31,2411845.0,51291033.0,58880000.0,0.04096204144021739,603004
2025-04-02,21.3,21.62,21.21,21.32,1652000.0,35372179.0,58880000.0,0.028057065217391305,603004
2025-04-03,21.11,21.47,20.72,20.93,2476148.0,52064021.0,58880000.0,0.04205414402173913,603004
2025-04-07,19.8,19.8,18.84,18.84,2534500.0,48133959.0,58880000.0,0.043045176630434785,603004
2025-04-08,18.55,18.7,16.96,17.54,7018385.0,123979835.0,58880000.0,0.11919811480978261,603004
2025-04-09,16.9,17.93,16.0,17.72,5496100.0,93779990.0,58880000.0,0.09334408967391304,603004
2025-04-10,18.2,18.53,18.01,18.07,4462300.0,81461436.0,58880000.0,0.07578634510869565,603004
2025-04-11,17.8,18.56,17.78,18.27,4307600.0,79195697.0,58880000.0,0.07315896739130434,603004
2025-04-14,18.64,18.76,18.42,18.57,2741696.0,51006069.0,58880000.0,0.04656413043478261,603004
2025-04-15,18.57,18.99,18.47,18.68,2693200.0,50299080.0,58880000.0,0.04574048913043478,603004
2025-04-16,18.6,18.62,17.88,18.22,2407200.0,43874140.0,58880000.0,0.04088315217391304,603004
2025-04-17,18.01,18.65,18.01,18.45,2534400.0,46798122.0,58880000.0,0.043043478260869565,603004
2025-04-18,18.45,18.52,18.15,18.42,1710445.0,31394711.0,58880000.0,0.02904967730978261,603004
2025-04-21,18.32,18.76,18.23,18.74,2111045.0,39278913.0,58880000.0,0.03585334578804348,603004
2025-04-22,18.61,18.97,18.61,18.91,2448545.0,46134450.0,58880000.0,0.041585343070652175,603004
2025-04-23,19.03,19.38,18.91,19.28,3343200.0,64226869.0,58880000.0,0.056779891304347824,603004
2025-04-24,19.31,20.72,18.94,19.84,8161543.0,161889874.0,58880000.0,0.13861316236413043,603004
2025-04-25,19.49,20.06,19.49,19.57,5535995.0,109097034.0,58880000.0,0.09402165421195652,603004
2025-04-28,19.56,19.57,19.01,19.03,3403490.0,65209215.0,58880000.0,0.05780383831521739,603004
2025-04-29,19.19,20.91,19.19,19.89,8048239.0,161396979.0,58880000.0,0.13668884171195653,603004
2025-04-30,19.89,20.15,19.61,19.79,5053243.0,100255688.0,58880000.0,0.08582274116847827,603004
2025-05-06,19.99,20.7,19.85,20.6,4972243.0,101320247.0,58880000.0,0.08444706182065218,603004
2025-05-07,20.41,20.97,20.33,20.79,5416085.0,112093564.0,58880000.0,0.09198513926630435,603004
2025-05-08,20.7,20.85,20.5,20.67,3613000.0,74718906.0,58880000.0,0.06136209239130435,603004
2025-05-09,20.73,20.75,20.17,20.2,3287606.0,66920081.0,58880000.0,0.05583569972826087,603004
2025-05-12,20.49,20.65,20.44,20.58,2771459.0,56960714.0,58880000.0,0.04706961616847826,603004
2025-05-13,20.85,20.99,20.6,20.65,2721913.0,56488251.0,58880000.0,0.04622814198369565,603004
2025-05-14,20.58,20.77,20.4,20.49,2387423.0,49105837.0,58880000.0,0.040547265625,603004
2025-05-15,20.54,20.59,20.22,20.32,2002680.0,40743346.0,58880000.0,0.03401290760869565,603004
2025-05-16,20.32,20.84,20.24,20.6,2788649.0,57667362.0,58880000.0,0.04736156589673913,603004
2025-05-19,20.58,20.62,20.28,20.56,1909148.0,39014165.0,58880000.0,0.032424388586956523,603004
2025-05-20,20.43,21.17,20.35,20.95,4197700.0,87456797.0,58880000.0,0.07129245923913044,603004
2025-05-21,20.95,21.02,20.61,20.62,2671200.0,55397502.0,58880000.0,0.04536684782608696,603004
2025-05-22,20.51,20.95,20.28,20.28,2446700.0,50266757.0,58880000.0,0.041554008152173916,603004
2025-05-23,20.22,22.31,20.22,22.31,10819000.0,233376413.0,58880000.0,0.18374660326086956,603004
2025-05-26,22.6,22.95,21.92,22.26,19561928.0,436855742.0,58880000.0,0.33223383152173913,603004
2025-05-27,22.01,22.49,21.67,22.31,12683151.0,280382276.0,58880000.0,0.21540677649456522,603004
2025-05-28,22.15,23.38,21.96,23.16,18400434.0,420479581.0,58880000.0,0.31250737092391306,603004
2025-05-29,22.79,23.08,22.51,22.96,11681515.0,266035822.0,58880000.0,0.19839529551630436,603004
2025-05-30,22.8,22.85,21.5,21.61,9222121.0,202192676.0,58880000.0,0.15662569633152174,603004
2025-06-03,21.25,21.98,21.2,21.94,5850741.0,126636355.0,58880000.0,0.09936720448369565,603004
2025-06-04,22.0,22.53,21.6,22.37,7106326.0,156963145.0,58880000.0,0.12069167798913044,603004
2025-06-05,22.35,22.69,22.1,22.31,7285626.0,163621030.0,58880000.0,0.12373685461956521,603004
2025-06-06,22.2,22.98,22.09,22.53,6295508.0,141582442.0,58880000.0,0.10692099184782608,603004
2025-06-09,22.41,22.9,22.39,22.59,4965440.0,111910985.0,58880000.0,0.08433152173913043,603004
2025-06-10,22.5,23.64,22.46,23.1,12276474.0,283257871.0,58880000.0,0.2084998980978261,603004
2025-06-11,22.93,23.08,22.35,22.71,7487379.0,169294583.0,58880000.0,0.12716336616847826,603004
2025-06-12,22.59,22.59,22.09,22.17,5060763.0,112649984.0,58880000.0,0.0859504585597826,603004
2025-06-13,22.18,22.41,21.66,21.71,4008400.0,87879745.0,58880000.0,0.06807744565217391,603004
2025-06-16,21.48,21.97,21.48,21.86,3628700.0,79021668.0,58880000.0,0.06162873641304348,603004
2025-06-17,21.7,21.77,21.26,21.5,2652200.0,56986235.0,58880000.0,0.04504415760869565,603004
2025-06-18,21.53,21.53,20.6,21.27,3428108.0,72434214.0,58880000.0,0.05822194293478261,603004
2025-06-19,21.23,21.44,20.71,20.81,2684400.0,56544127.0,58880000.0,0.04559103260869565,603004
2025-06-20,20.81,21.07,20.53,20.55,2068576.0,42789299.0,58880000.0,0.0351320652173913,603004
2025-06-23,20.35,20.86,20.22,20.72,2430343.0,50263662.0,58880000.0,0.041276205842391306,603004
2025-06-24,20.76,21.41,20.76,21.36,3214854.0,68324270.0,58880000.0,0.05460010190217391,603004
2025-06-25,21.66,21.78,21.28,21.38,2596405.0,55695942.0,58880000.0,0.044096552309782606,603004
2025-06-26,21.38,21.52,21.1,21.11,2924666.0,62269160.0,58880000.0,0.049671637228260866,603004
2025-06-27,21.16,21.5,21.16,21.35,2414297.0,51533282.0,58880000.0,0.04100368546195652,603004
2025-06-30,21.37,21.95,21.27,21.89,3975710.0,86427610.0,58880000.0,0.06752224864130435,603004
2025-07-01,22.3,22.3,21.6,21.85,3272913.0,71620223.0,58880000.0,0.05558615828804348,603004
2025-07-02,21.98,21.98,21.57,21.83,2571900.0,55865221.0,58880000.0,0.043680366847826085,603004
2025-07-03,21.66,21.92,21.58,21.71,2577924.0,55910018.0,58880000.0,0.04378267663043478,603004
2025-07-04,21.44,21.76,21.32,21.4,2512624.0,53968929.0,58880000.0,0.04267364130434782,603004
2025-07-07,21.36,21.52,21.3,21.43,1501224.0,32102598.0,58880000.0,0.02549633152173913,603004
2025-07-08,21.43,22.38,21.34,21.98,5720662.0,125749425.0,58880000.0,0.09715798233695652,603004
2025-07-09,22.0,22.33,21.87,22.11,4893172.0,108278217.0,58880000.0,0.08310414402173913,603004
2025-07-10,22.13,22.88,22.06,22.33,6816553.0,153108543.0,58880000.0,0.11577026154891304,603004
2025-07-11,22.33,22.49,21.55,22.24,3580048.0,79583052.0,58880000.0,0.060802445652173916,603004
2025-07-14,22.41,22.41,22.1,22.18,2337648.0,51978376.0,58880000.0,0.03970190217391304,603004
2025-07-15,22.21,22.21,21.79,21.97,2391494.0,52471694.0,58880000.0,0.04061640625,603004
2025-07-16,22.03,22.3,21.91,22.11,2231563.0,49330112.0,58880000.0,0.037900186820652174,603004
2025-07-17,21.94,22.14,21.94,22.12,2132500.0,47074039.0,58880000.0,0.03621773097826087,603004
2025-07-18,22.2,22.27,22.01,22.11,2595500.0,57408012.0,58880000.0,0.04408118206521739,603004
2025-07-21,22.05,22.3,22.0,22.18,2490800.0,55280769.0,58880000.0,0.04230298913043478,603004
2025-07-22,22.26,22.44,22.16,22.41,4216066.0,94155685.0,58880000.0,0.07160438179347826,603004
2025-07-23,22.5,22.56,22.08,22.1,3723400.0,82790726.0,58880000.0,0.06323709239130434,603004
2025-07-24,22.1,22.5,22.0,22.32,3775820.0,84042665.0,58880000.0,0.0641273777173913,603004
2025-07-25,22.26,23.18,22.26,22.87,8389480.0,191079486.0,58880000.0,0.142484375,603004
2025-07-28,22.86,22.92,22.5,22.75,3964912.0,89996989.0,58880000.0,0.06733885869565218,603004
2025-07-29,22.7,23.08,22.59,22.78,3670433.0,83521001.0,58880000.0,0.062337516983695655,603004
2025-07-30,22.72,22.78,22.2,22.31,3525100.0,79045693.0,58880000.0,0.05986922554347826,603004
2025-07-31,22.25,23.19,22.23,22.37,5698035.0,129410725.0,58880000.0,0.09677369225543478,603004
2025-08-01,22.37,22.67,22.35,22.36,2878500.0,64720667.0,58880000.0,0.048887567934782605,603004
2025-08-04,22.21,22.97,22.04,22.96,4162816.0,94486684.0,58880000.0,0.0707,603004
2025-08-05,23.02,23.3,22.81,23.2,5531277.0,127537391.0,58880000.0,0.09394152513586956,603004
2025-08-06,23.2,23.74,23.1,23.53,6527477.0,153567019.0,58880000.0,0.11086068274456522,603004
2025-08-07,23.39,23.63,23.22,23.25,4236900.0,99095141.0,58880000.0,0.07195822010869565,603004
2025-08-08,23.33,23.33,22.9,23.2,3277094.0,75748119.0,58880000.0,0.05565716711956522,603004
2025-08-11,23.22,23.95,23.22,23.71,4841736.0,114662384.0,58880000.0,0.08223057065217391,603004
2025-08-12,23.71,23.75,23.31,23.4,3077700.0,72191732.0,58880000.0,0.05227072010869565,603004
2025-08-13,23.49,23.55,23.18,23.3,3718770.0,86630727.0,58880000.0,0.06315845788043478,603004
2025-08-14,23.31,23.33,22.7,22.82,3906356.0,89837103.0,58880000.0,0.06634436141304348,603004
2025-08-15,22.83,23.3,22.83,22.96,4851200.0,111856457.0,58880000.0,0.08239130434782609,603004
2025-08-18,23.19,23.27,22.86,22.95,5021329.0,115869598.0,58880000.0,0.08528072350543478,603004
2025-08-19,23.12,23.13,22.6,23.07,4937957.0,113214836.0,58880000.0,0.08386475883152174,603004
2025-08-20,22.97,23.16,22.82,23.16,3499628.0,80357733.0,58880000.0,0.059436616847826085,603004
2025-08-21,23.19,23.3,22.85,22.98,4658147.0,107518053.0,58880000.0,0.07911255095108696,603004
2025-08-22,22.97,23.04,22.81,22.89,3719743.0,85238606.0,58880000.0,0.06317498301630435,603004
2025-08-25,22.9,23.45,22.73,23.12,5559001.0,128323416.0,58880000.0,0.09441238111413043,603004
2025-08-26,23.12,23.41,22.83,23.25,5306429.0,123120834.0,58880000.0,0.09012277513586957,603004
2025-08-27,23.25,23.54,22.45,22.46,5474487.0,126289044.0,58880000.0,0.0929770210597826,603004
2025-08-28,22.36,22.69,21.43,22.25,5410390.0,119664986.0,58880000.0,0.09188841711956522,603004
2025-08-29,22.24,22.46,22.02,22.2,2820300.0,62704514.0,58880000.0,0.047899116847826086,603004
2025-09-01,23.6,24.42,23.6,24.42,7805954.0,189306175.0,58880000.0,0.13257394701086955,603004
2025-09-02,24.44,24.45,23.65,23.92,15158760.0,363433024.0,58880000.0,0.25745176630434785,603004
2025-09-03,24.05,24.19,23.4,23.56,8035476.0,191362954.0,58880000.0,0.13647207880434784,603004
2025-09-04,23.79,24.72,23.56,23.95,13289776.0,321503098.0,58880000.0,0.22570951086956523,603004
2025-09-05,23.76,26.35,23.76,26.35,15503822.0,390401869.0,58880000.0,0.26331219429347824,603004
2025-09-08,26.35,26.39,25.39,25.86,19459871.0,502727873.0,58880000.0,0.33050052649456524,603004
2025-09-09,25.5,25.86,25.17,25.37,8857090.0,225575845.0,58880000.0,0.15042612092391305,603004
2025-09-10,25.39,25.58,24.6,25.27,9281331.0,232602719.0,58880000.0,0.15763130095108696,603004
2025-09-11,25.1,25.46,24.69,25.25,7313300.0,183603375.0,58880000.0,0.12420686141304348,603004
2025-09-12,25.15,25.24,24.62,24.65,5902900.0,146659848.0,58880000.0,0.1002530570652174,603004
2025-09-15,24.78,24.95,24.5,24.75,5032399.0,124192554.0,58880000.0,0.08546873301630435,603004
2025-09-16,24.75,24.97,24.24,24.92,5697200.0,140101894.0,58880000.0,0.09675951086956522,603004
2025-09-17,24.76,25.13,24.61,24.82,4535319.0,112704944.0,58880000.0,0.07702647758152174,603004
2025-09-18,24.79,25.18,23.95,24.23,7465933.0,184478917.0,58880000.0,0.12679913383152175,603004
2025-09-19,24.24,24.43,23.93,24.12,3900600.0,94184354.0,58880000.0,0.06624660326086956,603004
2025-09-22,24.09,24.4,23.95,24.39,3198036.0,77270239.0,58880000.0,0.05431447010869565,603004
2025-09-23,24.4,24.41,22.91,23.34,6134304.0,143518567.0,58880000.0,0.10418315217391304,603004
2025-09-24,23.33,24.34,23.22,24.3,5944139.0,142276707.0,58880000.0,0.10095344769021738,603004
2025-09-25,24.35,24.7,24.0,24.13,4009142.0,97399891.0,58880000.0,0.06809004755434783,603004
2025-09-26,23.97,24.13,23.64,23.83,2873964.0,68588686.0,58880000.0,0.04881052989130435,603004
2025-09-29,23.87,24.31,23.6,24.21,3545300.0,85461695.0,58880000.0,0.060212296195652174,603004
2025-09-30,24.22,24.43,24.02,24.04,3195500.0,77347940.0,58880000.0,0.05427139945652174,603004
2025-10-09,24.04,24.44,23.87,24.28,3492950.0,84433319.0,58880000.0,0.05932319972826087,603004
2025-10-10,24.37,24.58,23.78,23.98,3503692.0,84359902.0,58880000.0,0.059505638586956525,603004
2025-10-13,22.9,23.98,22.62,23.83,3246100.0,76269633.0,58880000.0,0.05513077445652174,603004
2025-10-14,23.98,24.19,23.42,23.48,2751900.0,65440254.0,58880000.0,0.04673743206521739,603004
2025-10-15,24.19,24.19,23.52,23.92,2449000.0,58421241.0,58880000.0,0.041593070652173915,603004
2025-10-16,23.61,23.98,23.18,23.35,2458063.0,57787362.0,58880000.0,0.04174699388586957,603004
2025-10-17,23.13,23.57,22.6,22.6,2394145.0,54911938.0,58880000.0,0.040661430027173914,603004
2025-10-20,22.9,23.16,22.76,22.89,1881092.0,43137387.0,58880000.0,0.03194789402173913,603004
2025-10-21,22.89,23.1,22.72,23.03,1585300.0,36418969.0,58880000.0,0.026924252717391305,603004
2025-10-22,23.01,23.31,22.86,23.13,1630100.0,37729100.0,58880000.0,0.027685122282608696,603004
2025-10-23,23.13,23.14,22.66,23.14,1553500.0,35607517.0,58880000.0,0.026384171195652173,603004
2025-10-24,23.32,23.39,23.15,23.32,1870792.0,43609173.0,58880000.0,0.03177296195652174,603004
2025-10-27,23.6,23.73,23.33,23.62,2388895.0,56172639.0,58880000.0,0.040572265625,603004
2025-10-28,23.52,23.8,23.4,23.52,2070600.0,48871161.0,58880000.0,0.03516644021739131,603004
2025-10-29,23.58,23.87,23.21,23.72,2712014.0,63835723.0,58880000.0,0.04606002038043478,603004
2025-10-30,23.7,23.7,23.19,23.33,2963800.0,69180403.0,58880000.0,0.05033627717391304,603004
2025-10-31,23.31,23.85,23.23,23.52,2958083.0,69985142.0,58880000.0,0.050239181385869566,603004
2025-11-03,23.52,23.6,23.22,23.37,2301200.0,53717650.0,58880000.0,0.039082880434782606,603004
2025-11-04,23.29,23.36,22.76,22.92,2414800.0,55506846.0,58880000.0,0.04101222826086957,603004
2025-11-05,22.77,23.05,22.7,22.88,1595400.0,36516108.0,58880000.0,0.027095788043478262,603004
2025-11-06,22.98,23.23,22.9,23.13,1489400.0,34401792.0,58880000.0,0.025295516304347825,603004
2025-11-07,23.13,23.56,23.04,23.24,2092900.0,48856482.0,58880000.0,0.035545176630434785,603004
2025-11-10,23.24,23.82,23.24,23.72,3279601.0,77552685.0,58880000.0,0.05569974524456522,603004
2025-11-11,23.72,24.09,23.51,23.69,2832500.0,67295981.0,58880000.0,0.04810631793478261,603004
2025-11-12,23.69,23.69,23.31,23.48,1806851.0,42371554.0,58880000.0,0.030687007472826086,603004
2025-11-13,23.6,24.1,23.47,24.07,4476400.0,107195365.0,58880000.0,0.07602581521739131,603004
2025-11-14,24.06,24.43,23.84,24.15,5719400.0,138331602.0,58880000.0,0.09713654891304348,603004
2025-11-17,24.0,24.28,23.88,24.02,2984381.0,71539389.0,58880000.0,0.050685818614130435,603004
2025-11-18,23.92,24.02,23.56,23.68,2392264.0,56791270.0,58880000.0,0.040629483695652176,603004
2025-11-19,23.76,24.58,23.7,24.58,7947670.0,193021254.0,58880000.0,0.13498080842391305,603004
2025-11-20,24.6,24.99,23.95,24.02,6463967.0,157618666.0,58880000.0,0.10978204823369565,603004
2025-11-21,23.66,23.95,22.34,22.4,5416543.0,124474291.0,58880000.0,0.09199291779891304,603004
2025-11-24,22.53,22.9,22.28,22.72,2585793.0,58455412.0,58880000.0,0.04391632133152174,603004
2025-11-25,22.77,23.28,22.76,22.89,2432615.0,55973218.0,58880000.0,0.04131479279891304,603004
2025-11-26,22.85,23.68,22.71,22.96,3094591.0,71714420.0,58880000.0,0.05255759171195652,603004
2025-11-27,23.09,23.73,22.89,23.46,4167200.0,97830386.0,58880000.0,0.07077445652173912,603004
2025-11-28,23.28,23.63,23.22,23.39,2194901.0,51323972.0,58880000.0,0.037277530570652175,603004
2025-12-01,23.35,24.3,23.35,24.12,4128148.0,99391816.0,58880000.0,0.07011120923913043,603004
2025-12-02,24.13,26.49,23.98,24.25,5387496.0,130985819.0,58880000.0,0.09149959239130435,603004
2025-12-03,24.74,24.76,23.65,23.86,3676945.0,88041790.0,58880000.0,0.06244811480978261,603004
2025-12-04,23.86,23.98,23.36,23.47,2828600.0,66562211.0,58880000.0,0.04804008152173913,603004
2025-12-05,23.38,23.69,22.9,23.58,2769756.0,64740199.0,58880000.0,0.04704069293478261,603004
2025-12-08,23.61,24.14,23.61,24.0,3369796.0,80823727.0,58880000.0,0.05723158967391304,603004
2025-12-09,23.99,24.1,23.59,23.59,2322195.0,55294084.0,58880000.0,0.039439453125,603004
2025-12-10,23.41,23.65,23.1,23.3,2196600.0,51172362.0,58880000.0,0.037306385869565216,603004
2025-12-11,23.38,23.45,22.73,22.75,2431300.0,55876151.0,58880000.0,0.041292459239130434,603004
2025-12-12,22.66,22.85,22.52,22.62,2344548.0,53199131.0,58880000.0,0.039819089673913045,603004
2025-12-15,22.51,23.0,22.28,22.89,2468250.0,56273537.0,58880000.0,0.04192000679347826,603004
2025-12-16,23.0,23.04,22.42,22.53,1695727.0,38290684.0,58880000.0,0.028799711277173914,603004
2025-12-17,22.58,22.8,22.21,22.53,1956018.0,43957198.0,58880000.0,0.033220414402173916,603004
2025-12-18,22.69,22.7,22.3,22.3,1726200.0,38863942.0,58880000.0,0.02931725543478261,603004
2025-12-19,22.25,22.55,22.18,22.46,1559500.0,34952600.0,58880000.0,0.026486073369565218,603004
2025-12-22,22.53,22.82,22.5,22.6,1845500.0,41851776.0,58880000.0,0.03134341032608696,603004
2025-12-23,22.69,22.71,22.34,22.43,1523821.0,34317169.0,58880000.0,0.025880112092391303,603004
2025-12-24,22.44,23.15,22.29,23.15,2630046.0,59797645.0,58880000.0,0.04466790081521739,603004
2025-12-25,23.15,24.6,23.0,23.79,5658951.0,134580340.0,58880000.0,0.09610990149456522,603004
2025-12-26,23.76,23.78,23.22,23.32,3838900.0,90214612.0,58880000.0,0.06519870923913043,603004
2025-12-29,23.39,23.8,23.21,23.48,2780801.0,65440600.0,58880000.0,0.04722827785326087,603004
2025-12-30,23.49,23.5,23.18,23.32,2181139.0,50906753.0,58880000.0,0.037043800951086954,603004
2025-12-31,23.39,23.5,23.08,23.47,1891676.0,44108385.0,58880000.0,0.03212764945652174,603004
2026-01-05,23.57,23.79,23.42,23.64,3023092.0,71393735.0,58880000.0,0.05134327445652174,603004
2026-01-06,23.6,23.88,23.55,23.84,3615800.0,85985552.0,58880000.0,0.061409646739130436,603004
2026-01-07,24.01,24.6,23.86,24.13,6175614.0,149606283.0,58880000.0,0.10488474864130434,603004
2026-01-08,24.0,24.62,23.97,24.32,5163402.0,125749422.0,58880000.0,0.0876936480978261,603004
2026-01-09,24.32,24.5,24.14,24.4,4661745.0,113478690.0,58880000.0,0.07917365828804347,603004
2026-01-12,24.45,24.59,24.2,24.5,4798725.0,117205676.0,58880000.0,0.08150008491847827,603004
2026-01-13,24.36,24.88,24.01,24.27,5841019.0,142692502.0,58880000.0,0.09920208899456522,603004
2026-01-14,24.3,24.43,23.74,24.08,5245120.0,126663904.0,58880000.0,0.08908152173913043,603004
2026-01-15,23.9,24.48,23.9,24.27,3187200.0,77292398.0,58880000.0,0.0541304347826087,603004
2026-01-16,24.4,24.75,24.2,24.66,4048800.0,99205724.0,58880000.0,0.06876358695652174,603004
2026-01-19,24.68,25.06,24.6,24.9,4286697.0,106412990.0,58880000.0,0.07280395720108696,603004
2026-01-20,24.75,25.09,24.64,24.9,3534412.0,87860031.0,58880000.0,0.060027377717391306,603004
2026-01-21,24.81,25.22,24.72,25.21,4127971.0,103377642.0,58880000.0,0.070108203125,603004
2026-01-22,25.23,25.38,24.97,25.04,3459240.0,86857636.0,58880000.0,0.05875067934782609,603004
2026-01-23,25.06,25.28,24.96,25.22,3583686.0,90118590.0,58880000.0,0.06086423233695652,603004
2026-01-26,25.19,25.25,24.58,24.7,4033209.0,100117408.0,58880000.0,0.06849879415760869,603004
2026-01-27,24.9,24.9,23.93,24.76,3534393.0,86333244.0,58880000.0,0.06002705502717391,603004
2026-01-28,24.87,24.87,24.1,24.21,2994000.0,73072551.0,58880000.0,0.0508491847826087,603004
2026-01-29,24.02,24.45,23.61,23.85,3018100.0,72524888.0,58880000.0,0.05125849184782609,603004
2026-01-30,23.97,24.4,23.56,24.24,3333265.0,80292471.0,58880000.0,0.05661115828804348,603004
2026-02-02,24.08,24.42,23.42,23.43,2380348.0,56881597.0,58880000.0,0.04042710597826087,603004
2026-02-03,23.6,24.14,23.43,24.01,2700297.0,64396504.0,58880000.0,0.04586102241847826,603004
2026-02-04,24.01,24.61,23.83,24.1,2969291.0,72010349.0,58880000.0,0.05042953464673913,603004
2026-02-05,24.0,24.35,23.85,23.85,2012443.0,48392796.0,58880000.0,0.034178719429347824,603004
2026-02-06,23.62,24.15,23.48,23.83,2790200.0,66736981.0,58880000.0,0.04738790760869565,603004
2026-02-09,24.03,25.32,23.91,24.93,7204512.0,178817126.0,58880000.0,0.12235923913043478,603004
2026-02-10,25.09,25.6,24.88,24.88,4277111.0,107532560.0,58880000.0,0.07264115149456522,603004
2026-02-11,24.88,25.41,24.73,25.33,4664000.0,117768695.0,58880000.0,0.07921195652173912,603004
2026-02-12,25.3,25.46,24.8,24.86,3978700.0,99480957.0,58880000.0,0.06757302989130434,603004
2026-02-13,24.7,25.05,24.6,24.6,2397600.0,59472876.0,58880000.0,0.04072010869565217,603004
2026-02-24,24.78,25.38,24.67,25.28,3621513.0,90957576.0,58880000.0,0.06150667459239131,603004
2026-02-25,25.28,25.67,25.22,25.42,3574600.0,91162563.0,58880000.0,0.06070991847826087,603004
